rank_2023_2024,rank_5yr,trend_symbol,trend,school_name,city,overall_rating_2023_2024,overall_rating_5yr 
1,1,—,no_change,Corpus Christi,Vancouver,10.0,10.0
1,1,—,no_change,Crofton House,Vancouver,10.0,10.0
1,1,—,no_change,Our Lady of Mercy,Burnaby,10.0,10.0
1,1,—,no_change,Southpointe Academy,Delta,10.0,10.0
1,1,—,no_change,St George's,Vancouver,10.0,10.0
1,1,—,no_change,St Jude's,Vancouver,10.0,10.0
1,1,q,down,St Michaels,Burnaby,10.0,10.0
1,1,—,no_change,Vancouver College,Vancouver,10.0,10.0
1,1,—,no_change,York House,Vancouver,10.0,10.0
1,10,—,no_change,St Micheals University,Victoria,10.0,10.0
1,11,—,no_change,Southridge,Surrey,10.0,9.9
1,13,,n/a,Westcot,West Vancouver,10.0,9.9
1,14,p,up,Diamond/Crescent Heights,Surrey,10.0,9.9
1,14,—,no_change,Holy Cross,Burnaby,10.0,9.9
1,17,—,no_change,Khalsa Old Yale Road,Surrey,10.0,9.8
1,18,—,no_change,Khalsa Newton,Surrey,10.0,9.8
1,19,—,no_change,Cornerstone Christian Academy,Richmond,10.0,9.7
1,23,—,no_change,Mulgrave,West Vancouver,10.0,9.6
1,37,—,no_change,Urban Academy Junior,New Westminster,10.0,9.2
1,38,p,up,Timothy Christian,Chilliwack,10.0,9.2
1,47,p,up,John Knox Christian,Burnaby,10.0,9.1
1,64,—,no_change,Immaculate Conception,Vancouver,10.0,8.8
1,104,—,no_change,Queen of All Saints,Coquitlam,10.0,7.9
1,n/a,n/a,n/a,Fraser Valley/Crescent Heights,Surrey,10.0,n/a
1,n/a,n/a,n/a,Nelson Waldorf,Nelson,10.0,n/a
1,n/a,n/a,n/a,Westside Montessori Academy,Vancouver,10.0,n/a
27,21,—,no_change,Ecole Cedardale,West Vancouver,9.8,9.7
27,22,—,no_change,Collingwood,West Vancouver,9.8,9.7
27,35,—,no_change,Delta Christian,Delta,9.8,9.3
27,70,—,no_change,St Edmund's,North Vancouver,9.8,8.7
31,11,—,no_change,West Point Grey Academy,Vancouver,9.7,9.9
31,16,—,no_change,Selkirk Montessori,Victoria,9.7,9.9
31,40,—,no_change,St Augustine's,Vancouver,9.7,9.2
31,44,—,no_change,St Joseph the Worker,Richmond,9.7,9.1
31,46,p,up,St Catherines,Langley,9.7,9.1
36,26,—,no_change,Vancouver Christian,Vancouver,9.6,9.5
36,32,—,no_change,Stratford Hall,Vancouver,9.6,9.3
36,34,—,no_change,St Anthony of Padua,Vancouver,9.6,9.3
36,53,—,no_change,White Rock Christian Academy,Surrey,9.6,9.0
36,n/a,n/a,n/a,Cousteau L'Ecole Francaise Interna'le,North Vancouver,9.6,n/a
41,27,—,no_change,Ecole Pauline Johnson,West Vancouver,9.5,9.4
41,28,—,no_change,St Helen's,Burnaby,9.5,9.4
41,31,p,up,Our Lady of the Assumption,Port Coquitlam,9.5,9.3
41,33,—,no_change,Richmond Christian,Richmond,9.5,9.3
45,25,—,no_change,Meadowridge,Maple Ridge,9.4,9.6
45,29,—,no_change,St Francis of Assisi,Vancouver,9.4,9.3
45,67,p,up,St Bernadette,Surrey,9.4,8.7
45,86,—,no_change,Our Lady of Lourdes,West Kelowna,9.4,8.2
49,19,—,no_change,St Pius X,North Vancouver,9.3,9.7
49,30,—,no_change,Caulfeild,West Vancouver,9.3,9.3
49,41,—,no_change,Iqra,Surrey,9.3,9.1
49,49,—,no_change,St John's,Vancouver,9.3,9.0
49,52,—,no_change,Glenlyon Norfolk,Victoria,9.3,9.0
49,53,—,no_change,The Fernie Academy,Fernie,9.3,9.0
49,58,p,up,Our Lady of Fatima,Coquitlam,9.3,8.8
49,70,—,no_change,Archibald Blair,Richmond,9.3,8.7
49,n/a,n/a,n/a,St Margaret's,Victoria,9.3,n/a
58,42,—,no_change,West Bay,West Vancouver,9.2,9.1
58,43,—,no_change,St Mary's,Vancouver,9.2,9.1
58,57,—,no_change,St Francis de Sales,Burnaby,9.2,8.9
58,79,—,no_change,Jessie Wowk,Richmond,9.2,8.4
58,n/a,n/a,n/a,Whistler Waldorf,Whistler,9.2,n/a
63,39,—,no_change,St Anthony's,West Vancouver,9.1,9.2
63,60,—,no_change,Our Lady of Good Counsel,Surrey,9.1,8.8
63,66,,n/a,Brockton Preparatory,North Vancouver,9.1,8.7
63,82,—,no_change,Spul'u'kwuks,Richmond,9.1,8.3
67,23,q,down,Our Lady of Sorrows,Vancouver,9.0,9.6
67,44,—,no_change,St Paul,Richmond,9.0,9.1
67,55,—,no_change,Star of the Sea,Surrey,9.0,8.9
67,74,—,no_change,Chartwell,West Vancouver,9.0,8.5
67,n/a,n/a,n/a,West-Mont,Victoria,9.0,n/a
72,48,—,no_change,Deer Lake SDA,Burnaby,8.9,9.0
72,50,—,no_change,Aspengrove,Lantzville,8.9,9.0
72,73,—,no_change,Aberdeen Hall Preparatory,Kelowna,8.9,8.6
75,35,—,no_change,St Francis Xavier,Vancouver,8.8,9.3
75,61,—,no_change,Our Lady of Perpetual Help,Vancouver,8.8,8.8
75,132,—,no_change,Annunciation,Prince Rupert,8.8,7.6
78,70,—,no_change,St Patrick's,Victoria,8.7,8.7
78,181,—,no_change,Greendale,Chilliwack,8.7,7.1
80,56,—,no_change,Lions Gate Christian Academy,North Vancouver,8.6,8.9
80,63,—,no_change,Az-Zahraa Islamic Academy,Richmond,8.6,8.8
80,65,—,no_change,Christ Church Cathedral,Victoria,8.6,8.7
80,80,—,no_change,Blessed Sacrament,Vancouver,8.6,8.3
80,87,—,no_change,Pacific Academy,Surrey,8.6,8.2
80,95,—,no_change,Traditional Learning Academy,Coquitlam,8.6,8.1
80,100,—,no_change,St James,Abbotsford,8.6,8.1
80,104,p,up,St Joseph's,Smithers,8.6,7.9
80,n/a,n/a,n/a,Pythagoras Academy,Richmond,8.6,n/a
89,69,—,no_change,Arrow Heights,Revelstoke,8.5,8.7
89,84,—,no_change,Kelowna Christian,Kelowna,8.5,8.2
89,89,—,no_change,Credo Christian s,Langley,8.5,8.2
89,102,p,up,St Mary's,Prince George,8.5,8.0
93,58,q,down,Gleneagles,West Vancouver,8.4,8.8
93,68,,n/a,Ridgeview,West Vancouver,8.4,8.7
93,77,—,no_change,Kootenay Christian Academy,Cranbrook,8.4,8.4
93,78,—,no_change,Holy Trinity,North Vancouver,8.4,8.4
93,91,—,no_change,Highlands,North Vancouver,8.4,8.2
93,119,—,no_change,Lord Kitchener,Vancouver,8.4,7.8
93,n/a,n/a,n/a,Pender Islands,Pender Island,8.4,n/a
93,n/a,n/a,n/a,Sir William Osler,Vancouver,8.4,n/a
101,81,—,no_change,British Columbia Christian Academy Port,Coquitlam,8.3,8.3
101,94,—,no_change,Vancouver Talmud Torah,Vancouver,8.3,8.1
101,97,—,no_change,Alex Hope,Langley,8.3,8.1
101,n/a,n/a,n/a,David Livingstone,Vancouver,8.3,n/a
101,n/a,n/a,n/a,Mount Cheam Christian,Chilliwack,8.3,n/a
106,75,—,no_change,G.A.D.,Surrey,8.2,8.5
106,75,—,no_change,St Ann's Academy,Kamloops,8.2,8.5
106,83,—,no_change,St Mary's,Chilliwack,8.2,8.3
106,85,—,no_change,Immaculate Conception,Delta,8.2,8.2
106,92,—,no_change,Cloverdale Catholic,Surrey,8.2,8.1
106,97,—,no_change,John T Errington,Richmond,8.2,8.1
106,108,—,no_change,Maria Montessori Academy,Victoria,8.2,7.9
106,124,—,no_change,Our Lady of Perpetual Help,Kamloops,8.2,7.7
106,134,p,up,Kerrisdale,Vancouver,8.2,7.6
106,162,—,no_change,St Michael's,Trail,8.2,7.3
106,205,—,no_change,Carnarvon,Vancouver,8.2,7.0
106,216,p,up,William Bridge,Richmond,8.2,6.9
106,n/a,n/a,n/a,Fort Rupert,Port Hardy,8.2,n/a
106,n/a,n/a,n/a,Hope Lutheran Christian,Port Coquitlam,8.2,n/a
106,n/a,n/a,n/a,John Calvin,Chilliwack,8.2,n/a
106,n/a,n/a,n/a,The King's,Langley,8.2,n/a
122,87,—,no_change,Holy Cross,Penticton,8.1,8.2
122,99,—,no_change,Dr R E McKechnie,Vancouver,8.1,8.1
122,103,—,no_change,Dr Annie B Jamieson,Vancouver,8.1,8.0
122,127,—,no_change,St Patrick's,Maple Ridge,8.1,7.6
122,205,,n/a,Tomekichi Homma,Richmond,8.1,7.0
122,n/a,n/a,n/a,Skyridge Montessori,Squamish,8.1,n/a
128,92,—,no_change,Maple Ridge Christian,Maple Ridge,8.0,8.1
128,96,—,no_change,Maple Lane,Richmond,8.0,8.1
128,108,—,no_change,St Patrick's,Vancouver,8.0,7.9
128,113,—,no_change,Hollyburn,West Vancouver,8.0,7.9
128,116,—,no_change,G W Carlson,Fort Nelson,8.0,7.8
128,136,p,up,Ecole Seaforth,Burnaby,8.0,7.5
128,n/a,n/a,n/a,James Thompson,Richmond,8.0,n/a
128,n/a,n/a,n/a,St Joseph,Nelson,8.0,n/a
136,50,—,no_change,Irwin Park,West Vancouver,7.9,9.0
136,107,—,no_change,John G Diefenbaker,Richmond,7.9,7.9
136,108,—,no_change,Queen Margaret's,Duncan,7.9,7.9
136,134,—,no_change,Laronde,Surrey,7.9,7.6
136,138,—,no_change,Ecole Jules Quesnel,Vancouver,7.9,7.5
136,145,p,up,Surrey Christian,Surrey,7.9,7.4
136,147,—,no_change,Lord Tennyson,Vancouver,7.9,7.4
136,157,,n/a,Maple Grove,Vancouver,7.9,7.3
136,246,p,up,Beaverly,Prince George,7.9,6.7
136,n/a,n/a,n/a,Assumption,Powell River,7.9,n/a
136,n/a,n/a,n/a,General Brock,Vancouver,7.9,n/a
147,113,—,no_change,Dasmesh Punjabi,Abbotsford,7.8,7.9
147,121,—,no_change,Veritas Catholic,Terrace,7.8,7.8
147,127,—,no_change,Canyon Heights,North Vancouver,7.8,7.6
147,141,—,no_change,Cedars Christian,Prince George,7.8,7.5
147,162,p,up,St Joseph's Catholic,Victoria,7.8,7.3
147,175,—,no_change,Nakusp,Nakusp,7.8,7.2
147,239,—,no_change,Samuel Brighouse,Richmond,7.8,6.8
147,n/a,n/a,n/a,Boundary Park,Surrey,7.8,n/a
147,n/a,n/a,n/a,J S Clark,Fort Nelson,7.8,n/a
156,61,,n/a,St Andrew's,Vancouver,7.7,8.8
156,100,—,no_change,Mennonite Educational Institute,Abbotsford,7.7,8.1
156,108,—,no_change,Garden City,Richmond,7.7,7.9
156,118,—,no_change,Bayridge,Surrey,7.7,7.8
156,124,—,no_change,Upper Lynn,North Vancouver,7.7,7.7
156,133,—,no_change,Norma Rose Point Junior,Vancouver,7.7,7.6
156,138,,n/a,Capilano,North Vancouver,7.7,7.5
156,152,—,no_change,Taylor Park,Burnaby,7.7,7.4
156,166,—,no_change,Riverview Park,Coquitlam,7.7,7.3
156,174,—,no_change,Cascade Christian,Chilliwack,7.7,7.2
156,227,—,no_change,Manoah Steves,Richmond,7.7,6.9
156,239,p,up,Kathleen McNeely,Richmond,7.7,6.8
156,n/a,n/a,n/a,Redfish,Nelson,7.7,n/a
156,n/a,n/a,n/a,Westside Academy,Prince George,7.7,n/a
170,137,—,no_change,Duncan Christian,Duncan,7.6,7.5
170,150,—,no_change,Queen Mary,Vancouver,7.6,7.4
170,155,—,no_change,University Highlands,Burnaby,7.6,7.3
170,162,—,no_change,Langley Christian,Langley,7.6,7.3
170,196,—,no_change,Gilpin,Burnaby,7.6,7.1
170,204,p,up,Aspenwood,Port Moody,7.6,7.0
170,213,—,no_change,King's Christian,Salmon Arm,7.6,7.0
170,221,—,no_change,Simon Fraser,Vancouver,7.6,6.9
170,227,—,no_change,Yarrow,Chilliwack,7.6,6.9
170,304,—,no_change,Notre Dame,Dawson Creek,7.6,6.4
170,n/a,n/a,n/a,English Bluff,Delta,7.6,n/a
181,120,—,no_change,James McKinney,Richmond,7.5,7.8
181,121,—,no_change,W D Ferris,Richmond,7.5,7.8
181,127,—,no_change,Immaculate Conception,Prince George,7.5,7.6
181,145,—,no_change,St Anthony's,Kitimat,7.5,7.4
181,149,—,no_change,Fraser Wood,Surrey,7.5,7.4
181,157,—,no_change,Blueridge,North Vancouver,7.5,7.3
181,157,—,no_change,R C Macdonald,Coquitlam,7.5,7.3
181,177,—,no_change,Chantrell Creek,Surrey,7.5,7.2
181,196,p,up,McGowan Park,Kamloops,7.5,7.1
181,207,—,no_change,Clinton,Burnaby,7.5,7.0
181,207,—,no_change,L'Ecole Bilingue,Vancouver,7.5,7.0
181,222,p,up,Henry Anderson,Richmond,7.5,6.9
181,231,p,up,James Gilmore,Richmond,7.5,6.9
181,248,p,up,Begbie View,Revelstoke,7.5,6.7
195,173,—,no_change,Tomsett,Richmond,7.4,7.2
195,179,—,no_change,Boundary,North Vancouver,7.4,7.1
195,201,—,no_change,Pinetree Way,Coquitlam,7.4,7.0
195,222,—,no_change,Aubrey,Burnaby,7.4,6.9
195,231,—,no_change,Lochside,Victoria,7.4,6.9
195,237,—,no_change,Brooksbank,North Vancouver,7.4,6.8
195,271,—,no_change,Blewett,Nelson,7.4,6.6
195,273,—,no_change,Randerson Ridge,Nanaimo,7.4,6.6
195,n/a,n/a,n/a,Sir Richard McBride,Vancouver,7.4,n/a
204,104,—,no_change,Regent Christian Academy,Surrey,7.3,7.9
204,115,—,no_change,Sacred Heart,Delta,7.3,7.9
204,126,—,no_change,Abbotsford Christian,Abbotsford,7.3,7.7
204,141,—,no_change,Walnut Road,Surrey,7.3,7.5
204,166,—,no_change,Bowen Island,Bowen Island,7.3,7.3
204,191,—,no_change,Prince Charles,Abbotsford,7.3,7.1
204,196,—,no_change,Dorothy Lynas,North Vancouver,7.3,7.1
204,207,—,no_change,Queen Elizabeth,Vancouver,7.3,7.0
204,217,—,no_change,Walton,Coquitlam,7.3,6.9
204,235,—,no_change,Gordon Greenwood,Langley,7.3,6.9
204,266,—,no_change,Westwind,Richmond,7.3,6.6
204,278,—,no_change,Pauline Haarer,Nanaimo,7.3,6.6
204,357,—,no_change,Oceanside,Parksville,7.3,6.1
217,141,—,no_change,Erma Stephenson,Surrey,7.2,7.5
217,150,—,no_change,Braemar,North Vancouver,7.2,7.4
217,152,—,no_change,Trafalgar,Vancouver,7.2,7.4
217,156,—,no_change,Suncrest,Burnaby,7.2,7.3
217,166,—,no_change,Morgan,Surrey,7.2,7.3
217,170,—,no_change,Kidston,Coldstream,7.2,7.2
217,222,—,no_change,McMillan,Abbotsford,7.2,6.9
217,238,—,no_change,J.W. Sexsmith,Vancouver,7.2,6.8
217,245,—,no_change,Ecole Cobble Hill,Cobble Hill,7.2,6.8
217,255,—,no_change,King Traditional,Abbotsford,7.2,6.7
217,259,—,no_change,Hammond Bay,Nanaimo,7.2,6.7
217,316,—,no_change,Rossland Summit,Rossland,7.2,6.4
217,401,—,no_change,H T Thrift,Surrey,7.2,5.9
217,447,—,no_change,Merritt Bench,Merritt,7.2,5.6
217,n/a,n/a,n/a,Rayleigh,Kamloops,7.2,n/a
217,n/a,n/a,n/a,Winlaw,Winlaw,7.2,n/a
233,90,—,no_change,Pacific Christian,Victoria,7.1,8.2
233,112,—,no_change,Ebenezer Canadian Reformed,Smithers,7.1,7.9
233,127,—,no_change,St Joseph's,Vancouver,7.1,7.6
233,131,—,no_change,Unity Christian,Chilliwack,7.1,7.6
233,162,—,no_change,Eastview,North Vancouver,7.1,7.3
233,179,—,no_change,BC Muslim,Richmond,7.1,7.1
233,191,—,no_change,Quilchena,Vancouver,7.1,7.1
233,211,—,no_change,Alfred B Dixon,Richmond,7.1,7.0
233,239,—,no_change,Cordova Bay,Victoria,7.1,6.8
233,282,—,no_change,Hampton Park,Coquitlam,7.1,6.6
233,295,—,no_change,South Sa-hali,Kamloops,7.1,6.5
233,317,—,no_change,South Nelson,Nelson,7.1,6.4
233,326,p,up,Crescent Park,Dawson Creek,7.1,6.3
233,n/a,n/a,n/a,Quilchena,Richmond,7.1,n/a
233,n/a,n/a,n/a,Valley Christian,Mission,7.1,n/a
248,157,q,down,St James,Vernon,7.0,7.3
248,186,—,no_change,R. C. Talmey,Richmond,7.0,7.1
248,311,p,up,Gobind Sarvar,Surrey,7.0,6.4
248,355,—,no_change,Dufferin,Kamloops,7.0,6.1
248,438,—,no_change,West Langley,Langley,7.0,5.7
248,n/a,n/a,n/a,Anmore,Anmore,7.0,n/a
248,n/a,n/a,n/a,Brookes Westshore,Victoria,7.0,n/a
248,n/a,n/a,n/a,Fernwood,Salt Spring Island,7.0,n/a
248,n/a,n/a,n/a,Houston Christian,Houston,7.0,n/a
248,n/a,n/a,n/a,Phil & Jennie Gaglardi Academy,Comox,7.0,n/a
248,n/a,n/a,n/a,Renfrew,Vancouver,7.0,n/a
248,n/a,n/a,n/a,South Slope,Burnaby,7.0,n/a
248,n/a,n/a,n/a,William Watson,Surrey,7.0,n/a
261,169,—,no_change,Ecole Marlborough,Burnaby,6.9,7.2
261,175,—,no_change,Cornerstone Christian,Abbotsford,6.9,7.2
261,186,—,no_change,Topham,Langley,6.9,7.1
261,191,—,no_change,Dogwood,Surrey,6.9,7.1
261,201,—,no_change,Heritage Mountain,Port Moody,6.9,7.0
261,207,—,no_change,Montroyal,North Vancouver,6.9,7.0
261,217,—,no_change,Ecole Lloyd George,Kamloops,6.9,6.9
261,222,—,no_change,Salt Spring,Salt Spring Island,6.9,6.9
261,222,—,no_change,South Poplar Traditional,Abbotsford,6.9,6.9
261,231,—,no_change,Connaught Heights,New Westminster,6.9,6.9
261,239,—,no_change,Andre-Piolat,North Vancouver,6.9,6.8
261,259,—,no_change,Howard De Beck,Richmond,6.9,6.7
261,263,—,no_change,West Sechelt,Sechelt,6.9,6.6
261,273,—,no_change,Frost Road,Surrey,6.9,6.6
261,281,—,no_change,Qualicum Beach,Qualicum Beach,6.9,6.6
261,282,—,no_change,Edgewood,Prince George,6.9,6.6
261,285,—,no_change,Elsie Roy,Vancouver,6.9,6.5
261,290,,n/a,Hamilton,Richmond,6.9,6.5
261,401,p,up,Anne-Hebert,Vancouver,6.9,5.9
261,n/a,n/a,n/a,Bowser,Bowser,6.9,n/a
261,n/a,n/a,n/a,Donald E McKay,Richmond,6.9,n/a
261,n/a,n/a,n/a,Forest Grove,Forest Grove,6.9,n/a
261,n/a,n/a,n/a,Gilmore,Burnaby,6.9,n/a
261,n/a,n/a,n/a,Maddaugh,Surrey,6.9,n/a
261,n/a,n/a,n/a,Pleasantside,Port Moody,6.9,n/a
261,n/a,n/a,n/a,University Hill,Vancouver,6.9,n/a
287,121,q,down,Campbell River Christian,Campbell River,6.8,7.8
287,148,—,no_change,Edith Cavell,Vancouver,6.8,7.4
287,170,—,no_change,Auguston Traditional,Abbotsford,6.8,7.2
287,170,—,no_change,Campus View,Victoria,6.8,7.2
287,177,—,no_change,Sperling,Burnaby,6.8,7.2
287,181,—,no_change,James Whiteside,Richmond,6.8,7.1
287,186,—,no_change,Brentwood Park,Burnaby,6.8,7.1
287,186,—,no_change,Sandy Hill,Abbotsford,6.8,7.1
287,201,—,no_change,Langley Fine Arts,Fort Langley,6.8,7.0
287,227,—,no_change,Muheim Memorial,Smithers,6.8,6.9
287,236,—,no_change,St Matthew's,Surrey,6.8,6.8
287,239,—,no_change,Willoughby,Langley,6.8,6.8
287,248,—,no_change,Chaffey-Burke,Burnaby,6.8,6.7
287,255,—,no_change,Langley Fundamental,Langley,6.8,6.7
287,259,—,no_change,Cascade Heights,Burnaby,6.8,6.7
287,266,—,no_change,Coldstream,Coldstream,6.8,6.6
287,350,—,no_change,Hillside Traditional Academy,Mission,6.8,6.2
287,n/a,n/a,n/a,Charles Dickens,Vancouver,6.8,n/a
287,n/a,n/a,n/a,Smiling Creek,Coquitlam,6.8,n/a
306,141,—,no_change,Buckingham,Burnaby,6.7,7.5
306,152,—,no_change,Shaughnessy,Vancouver,6.7,7.4
306,194,—,no_change,Lynn Valley,North Vancouver,6.7,7.1
306,273,—,no_change,Kamloops of the Arts,Kamloops,6.7,6.6
306,311,—,no_change,Ecole Panorama Heights,Coquitlam,6.7,6.4
306,313,—,no_change,B X,Vernon,6.7,6.4
306,313,p,up,Ecole Robb Road,Comox,6.7,6.4
306,354,—,no_change,Doncaster,Victoria,6.7,6.2
306,413,—,no_change,Margaret Stenersen,Abbotsford,6.7,5.8
306,498,,n/a,Deep Cove,North Saanich,6.7,5.4
306,518,—,no_change,Peterson Road,Langley,6.7,5.3
306,547,—,no_change,Nicola Canford,Lower Nicola,6.7,5.2
306,596,—,no_change,White Rock,White Rock,6.7,4.9
306,n/a,n/a,n/a,Au-coeur-de-l'ile,Comox,6.7,n/a
306,n/a,n/a,n/a,Edgewood,Surrey,6.7,n/a
306,n/a,n/a,n/a,F W Howay,New Westminster,6.7,n/a
306,n/a,n/a,n/a,Lakeview,Burnaby,6.7,n/a
306,n/a,n/a,n/a,Nicholson,Golden,6.7,n/a
306,n/a,n/a,n/a,Nukko Lake,Prince George,6.7,n/a
306,n/a,n/a,n/a,R M Grauer,Richmond,6.7,n/a
306,n/a,n/a,n/a,Robson,Robson,6.7,n/a
327,181,—,no_change,St Joseph,Kelowna,6.6,7.1
327,186,—,no_change,Sir John Franklin,Vancouver,6.6,7.1
327,196,—,no_change,Cove Cliff,North Vancouver,6.6,7.1
327,196,—,no_change,Highroad Academy,Chilliwack,6.6,7.1
327,215,—,no_change,Mt Lehman,Abbotsford,6.6,6.9
327,217,—,no_change,Hillview,Vernon,6.6,6.9
327,248,—,no_change,Ross Road,North Vancouver,6.6,6.7
327,257,—,no_change,John Norquay,Vancouver,6.6,6.7
327,264,—,no_change,Halfmoon Bay,Halfmoon Bay,6.6,6.6
327,278,—,no_change,Bramblewood,Coquitlam,6.6,6.6
327,285,—,no_change,Glenmore,Kelowna,6.6,6.5
327,293,—,no_change,Lochdale,Burnaby,6.6,6.5
327,296,—,no_change,Mountain,Abbotsford,6.6,6.5
327,333,—,no_change,Torquay,Victoria,6.6,6.2
327,364,—,no_change,Peace Arch,White Rock,6.6,6.1
327,374,—,no_change,Seymour Heights,North Vancouver,6.6,6.0
327,380,—,no_change,McGirr,Nanaimo,6.6,6.0
327,408,—,no_change,Thomas Kidd,Richmond,6.6,5.8
327,512,—,no_change,Dormick Park,Abbotsford,6.6,5.3
327,524,—,no_change,Arrowview,Qualicum Beach,6.6,5.3
327,n/a,n/a,n/a,Lord Byng,Richmond,6.6,n/a
327,n/a,n/a,n/a,Vancouver Waldorf,North Vancouver,6.6,n/a
327,n/a,n/a,n/a,Vernon Christian,Vernon,6.6,n/a
350,116,—,no_change,Carisbrooke,North Vancouver,6.5,7.8
350,248,—,no_change,Dorothea Walker,Kelowna,6.5,6.7
350,264,—,no_change,Lynn Fripps,Langley,6.5,6.6
350,266,—,no_change,Tuc-el-Nuit,Oliver,6.5,6.6
350,266,—,no_change,West Bench,Penticton,6.5,6.6
350,282,—,no_change,Davis Bay,Sechelt,6.5,6.6
350,301,—,no_change,James Kennedy,Langley,6.5,6.4
350,308,—,no_change,McKim Middle,Kimberley,6.5,6.4
350,318,—,no_change,Capitol Hill,Burnaby,6.5,6.3
350,331,—,no_change,Ridgeway,North Vancouver,6.5,6.3
350,333,—,no_change,Rosedale Traditional,Rosedale,6.5,6.2
350,339,—,no_change,Margaret Jenkins,Victoria,6.5,6.2
350,355,p,up,Ecole Beairsto,Vernon,6.5,6.1
350,365,—,no_change,Ecole des Deux Mondes,Campbell River,6.5,6.1
350,365,—,no_change,Unsworth,Chilliwack,6.5,6.1
350,369,—,no_change,Mountain Meadows,Port Moody,6.5,6.1
350,382,—,no_change,Sherwood Park,North Vancouver,6.5,6.0
350,388,—,no_change,Tyson,Chilliwack,6.5,6.0
350,465,—,no_change,Cedar Grove,Gibsons,6.5,5.6
350,n/a,n/a,n/a,Ecole Inman,Burnaby,6.5,n/a
350,n/a,n/a,n/a,Kitchener,Burnaby,6.5,n/a
350,n/a,n/a,n/a,Robert J Tait,Richmond,6.5,n/a
350,n/a,n/a,n/a,Twelfth Avenue,Burnaby,6.5,n/a
373,217,,n/a,Semiahmoo Trail,Surrey,6.4,6.9
373,248,—,no_change,Nelson,Burnaby,6.4,6.7
373,257,—,no_change,Ecole Qayqayt,New Westminster,6.4,6.7
373,266,—,no_change,Queensbury,North Vancouver,6.4,6.6
373,296,—,no_change,Southridge,Prince George,6.4,6.5
373,308,—,no_change,Uplands,Penticton,6.4,6.4
373,328,—,no_change,Robert L Clemitson,Kamloops,6.4,6.3
373,333,—,no_change,Ecole Willows,Victoria,6.4,6.2
373,339,—,no_change,Jaffray Elem-Jr Secondary,Jaffray,6.4,6.2
373,371,—,no_change,Dorothy Peacock,Langley,6.4,6.1
373,373,—,no_change,Mountain Christian,Dawson Creek,6.4,6.1
373,390,—,no_change,North Otter,Aldergrove,6.4,6.0
373,394,—,no_change,Beach Grove,Delta,6.4,5.9
373,401,—,no_change,Promontory Heights,Chilliwack,6.4,5.9
373,414,p,up,Shortreed,Aldergrove,6.4,5.8
373,447,—,no_change,Cloverdale Traditional,Victoria,6.4,5.6
373,524,p,up,Quarterway,Nanaimo,6.4,5.3
373,579,—,no_change,College Heights,Prince George,6.4,5.0
373,579,—,no_change,Foothills,Prince George,6.4,5.0
373,n/a,n/a,n/a,Anne Roberts Young,Fort St. John,6.4,n/a
373,n/a,n/a,n/a,Cleveland,North Vancouver,6.4,n/a
373,n/a,n/a,n/a,Jessie Lee,Surrey,6.4,n/a
373,n/a,n/a,n/a,Kinnaird,Castlegar,6.4,n/a
373,n/a,n/a,n/a,Tecumseh,Vancouver,6.4,n/a
373,n/a,n/a,n/a,Tyee,Vancouver,6.4,n/a
373,n/a,n/a,n/a,Westridge,Burnaby,6.4,n/a
399,140,—,no_change,Sikh Academy,Surrey,6.3,7.5
399,181,q,down,Myrtle Philip,Whistler,6.3,7.1
399,211,—,no_change,Frank Hobbs,Victoria,6.3,7.0
399,231,—,no_change,Anne McClymont,Kelowna,6.3,6.9
399,271,—,no_change,Nanaimo Christian,Nanaimo,6.3,6.6
399,273,q,down,Ecole Willow Point,Campbell River,6.3,6.6
399,290,—,no_change,Valley View,Courtenay,6.3,6.5
399,296,—,no_change,Sir Wilfrid Laurier,Vancouver,6.3,6.5
399,343,—,no_change,Eagle Ridge,Coquitlam,6.3,6.2
399,343,—,no_change,Wiltse,Penticton,6.3,6.2
399,350,—,no_change,Watson Road,Kelowna,6.3,6.2
399,382,—,no_change,Sunnyside,Surrey,6.3,6.0
399,390,—,no_change,Black Mountain,Kelowna,6.3,6.0
399,400,—,no_change,Ecole Lac des Bois,Prince George,6.3,5.9
399,408,p,up,Osoyoos,Osoyoos,6.3,5.8
399,408,,n/a,Polaris Montessori,Prince George,6.3,5.8
399,429,—,no_change,Ross,Abbotsford,6.3,5.7
399,465,—,no_change,Katzie,Surrey,6.3,5.6
399,465,—,no_change,Logan Lake,Logan Lake,6.3,5.6
399,565,p,up,John Stubbs,Victoria,6.3,5.1
399,n/a,n/a,n/a,David Lloyd George,Vancouver,6.3,n/a
399,n/a,n/a,n/a,General Gordon,Vancouver,6.3,n/a
399,n/a,n/a,n/a,General Wolfe,Vancouver,6.3,n/a
399,n/a,n/a,n/a,Khalsa of the Fraser Valley,Langley,6.3,n/a
399,n/a,n/a,n/a,Lord Baden-Powell,Coquitlam,6.3,n/a
399,n/a,n/a,n/a,wekwanes te syaqwem,Vancouver,6.3,n/a
425,246,—,no_change,C M Finch,Fort St John,6.2,6.7
425,248,—,no_change,Brantford,Burnaby,6.2,6.7
425,259,—,no_change,Blakeburn,Port Coquitlam,6.2,6.7
425,296,—,no_change,Laura Secord,Vancouver,6.2,6.5
425,328,—,no_change,Gibsons,Gibsons,6.2,6.3
425,333,—,no_change,Ecole Central Elem of the Arts,Fort St John,6.2,6.2
425,362,—,no_change,Mundy Road,Coquitlam,6.2,6.1
425,374,—,no_change,Ecole Glenayre,Port Moody,6.2,6.0
425,385,—,no_change,East Chilliwack,Chilliwack,6.2,6.0
425,390,—,no_change,R C Garnett Demonstration,Langley,6.2,6.0
425,396,—,no_change,Brooklyn,Comox,6.2,5.9
425,425,p,up,Lord Nelson,Vancouver,6.2,5.8
425,434,—,no_change,Brentwood,Brentwood Bay,6.2,5.7
425,444,—,no_change,David Thompson,Kamloops,6.2,5.7
425,482,—,no_change,Jackson,Abbotsford,6.2,5.5
425,485,p,up,Hillcrest,Salmon Arm,6.2,5.5
425,523,—,no_change,Braefoot,Victoria,6.2,5.3
425,530,—,no_change,Watson,Chilliwack,6.2,5.3
425,n/a,n/a,n/a,Dr George M Weir,Vancouver,6.2,n/a
425,n/a,n/a,n/a,Moody,Port Moody,6.2,n/a
445,239,—,no_change,Waverley,Vancouver,6.1,6.8
445,278,—,no_change,Herbert Spencer,New Westminster,6.1,6.6
445,285,—,no_change,Cougar Canyon,Delta,6.1,6.5
445,285,—,no_change,Sir Wm Van Horne,Vancouver,6.1,6.5
445,293,—,no_change,Skwo:wech,New Westminster,6.1,6.5
445,296,—,no_change,Kamloops Christian,Kamloops,6.1,6.5
445,306,—,no_change,Prospect Lake,Victoria,6.1,6.4
445,308,—,no_change,Walter Lee,Richmond,6.1,6.4
445,322,q,down,Crescent Park,Surrey,6.1,6.3
445,322,—,no_change,Hume,Nelson,6.1,6.3
445,342,—,no_change,Bert Ambrose,Fort St. John,6.1,6.2
445,357,—,no_change,Dr Thomas A Swift,Abbotsford,6.1,6.1
445,371,—,no_change,Ocean Cliff,Surrey,6.1,6.1
445,414,—,no_change,Langley Meadows,Langley,6.1,5.8
445,429,p,up,Ray Shepherd,Surrey,6.1,5.7
445,441,—,no_change,Alice Brown,Langley,6.1,5.7
445,452,—,no_change,Garibaldi Highlands,Squamish,6.1,5.6
445,465,—,no_change,Ranch Park,Coquitlam,6.1,5.6
445,473,p,up,North Glenmore,Kelowna,6.1,5.5
445,508,—,no_change,Horse Lake,Lone Butte,6.1,5.4
445,542,p,up,150 Mile,150 Mile House,6.1,5.2
445,n/a,n/a,n/a,Cedar Drive,Port Coquitlam,6.1,n/a
445,n/a,n/a,n/a,Coast Meridian,Surrey,6.1,n/a
445,n/a,n/a,n/a,Fraser Valley Adventist Academy,Aldergrove,6.1,n/a
445,n/a,n/a,n/a,Pinewood,Delta,6.1,n/a
445,n/a,n/a,n/a,de l'Anse-au-sable,Kelowna,6.1,n/a
471,181,—,no_change,Rosemary Heights,Surrey,6.0,7.1
471,213,—,no_change,Flex Academy,Kelowna,6.0,7.0
471,227,—,no_change,Rose-des-vents,Vancouver,6.0,6.9
471,248,q,down,Aberdeen,Kamloops,6.0,6.7
471,285,—,no_change,Pacific Way,Kamloops,6.0,6.5
471,313,—,no_change,Bradner,Abbotsford,6.0,6.4
471,322,—,no_change,Richard Bulpitt,Langley,6.0,6.3
471,332,—,no_change,Westmount,Kamloops,6.0,6.3
471,350,—,no_change,Sardis,Chilliwack,6.0,6.2
471,357,q,down,Roberts Creek,Roberts Creek,6.0,6.1
471,357,—,no_change,Sir James Douglas,Victoria,6.0,6.1
471,385,—,no_change,Little Prairie,Chetwynd,6.0,6.0
471,396,—,no_change,Henry Hudson,Vancouver,6.0,5.9
471,408,—,no_change,James Hill,Langley,6.0,5.8
471,414,—,no_change,Valemount,Valemount,6.0,5.8
471,435,—,no_change,G T Cunningham,Vancouver,6.0,5.7
471,452,—,no_change,Ecole Marigold,Victoria,6.0,5.6
471,460,—,no_change,Clearbrook,Abbotsford,6.0,5.6
471,465,—,no_change,Cambridge,Surrey,6.0,5.6
471,478,p,up,W L Mcleod,Vanderhoof,6.0,5.5
471,483,—,no_change,Vedder,Chilliwack,6.0,5.5
471,502,—,no_change,Walnut Park,Smithers,6.0,5.4
471,518,—,no_change,Sorrento,Sorrento,6.0,5.3
471,524,—,no_change,Sema:th,Abbotsford,6.0,5.3
471,544,—,no_change,Cultus Lake,Cultus Lake,6.0,5.2
471,556,p,up,Queen Mary,North Vancouver,6.0,5.1
471,565,—,no_change,ASIA - North Poplar,Abbotsford,6.0,5.1
471,623,p,up,Huband Park,Courtenay,6.0,4.7
471,n/a,n/a,n/a,Douglas,Surrey,6.0,n/a
471,n/a,n/a,n/a,Fulford,Salt Spring Island,6.0,n/a
471,n/a,n/a,n/a,Mountainview Montessori,Surrey,6.0,n/a
471,n/a,n/a,n/a,Roy Stibbs,Coquitlam,6.0,n/a
503,307,—,no_change,des Pionniers-de-Maillardville,Port Coquitlam,5.9,6.4
503,318,—,no_change,Lady Grey,Golden,5.9,6.3
503,328,—,no_change,Belmont,Langley,5.9,6.3
503,333,q,down,Leigh,Coquitlam,5.9,6.2
503,343,—,no_change,Coghlan Fundamental,Aldergrove,5.9,6.2
503,343,—,no_change,Ecole Puntledge Park,Courtenay,5.9,6.2
503,343,—,no_change,Forest Grove,Burnaby,5.9,6.2
503,365,—,no_change,Ecole Porter Street,Coquitlam,5.9,6.1
503,374,—,no_change,Dallas,Kamloops,5.9,6.0
503,382,—,no_change,Oliver,Oliver,5.9,6.0
503,390,—,no_change,Nanoose Bay,Nanoose Bay,5.9,6.0
503,405,—,no_change,Devon Gardens,Delta,5.9,5.9
503,425,—,no_change,Ecole Coquitlam River,Port Coquitlam,5.9,5.8
503,441,—,no_change,Springwood,Parksville,5.9,5.7
503,477,—,no_change,Hellings,Delta,5.9,5.5
503,504,p,up,Sunset,Port Mcneill,5.9,5.4
503,530,p,up,South Broadview,Salmon Arm,5.9,5.3
503,n/a,n/a,n/a,Airport,Lazo,5.9,n/a
503,n/a,n/a,n/a,Margaret Ma Murray,Fort St John,5.9,n/a
503,n/a,n/a,n/a,Windermere,Windermere,5.9,n/a
523,157,—,no_change,Parkcrest,Burnaby,5.8,7.3
523,273,—,no_change,James L Webster,Trail,5.8,6.6
523,343,—,no_change,Trout Creek,Summerland,5.8,6.2
523,380,q,down,Jarvis Traditional,Delta,5.8,6.0
523,401,—,no_change,Heath,Delta,5.8,5.9
523,414,—,no_change,Chute Lake,Kelowna,5.8,5.8
523,414,—,no_change,Parkway,Penticton,5.8,5.8
523,429,—,no_change,Beattie,Kamloops,5.8,5.7
523,447,—,no_change,Dr Roberta Bondar,Abbotsford,5.8,5.6
523,491,—,no_change,Coyote Creek,Surrey,5.8,5.5
523,504,—,no_change,Hillcrest,Surrey,5.8,5.4
523,516,—,no_change,Summit,Kamloops,5.8,5.3
523,521,—,no_change,Quigley,Kelowna,5.8,5.3
523,544,p,up,Westview,Powell River,5.8,5.2
523,590,—,no_change,Queneesh,Courtenay,5.8,5.0
523,n/a,n/a,n/a,Chase River,Nanaimo,5.8,n/a
523,n/a,n/a,n/a,Kildala,Kitimat,5.8,n/a
523,n/a,n/a,n/a,McBride Centennial,Mcbride,5.8,n/a
523,n/a,n/a,n/a,Serpentine Heights,Surrey,5.8,n/a
523,n/a,n/a,n/a,William F. Davidson,Surrey,5.8,n/a
543,301,—,no_change,Juniper Ridge,Kamloops,5.7,6.4
543,301,—,no_change,Lavington,Vernon,5.7,6.4
543,318,—,no_change,Queen Elizabeth,New Westminster,5.7,6.3
543,339,q,down,Sunshine Hills,Delta,5.7,6.2
543,385,—,no_change,Shannon Lake,West Kelowna,5.7,6.0
543,424,—,no_change,Ecole Mary Hill,Port Coquitlam,5.7,5.8
543,438,—,no_change,Keating,Victoria,5.7,5.7
543,446,—,no_change,Mar Jok,West Kelowna,5.7,5.7
543,447,—,no_change,Evans,Chilliwack,5.7,5.6
543,458,—,no_change,Valleycliffe,Squamish,5.7,5.6
543,481,,n/a,William Cook,Richmond,5.7,5.5
543,502,—,no_change,South Meridian,Surrey,5.7,5.4
543,572,p,up,Sir James Douglas,Vancouver,5.7,5.1
543,605,—,no_change,Eagle View,Port Hardy,5.7,4.8
543,633,p,up,Fruitvale,Fruitvale,5.7,4.7
543,641,—,no_change,Sangster,Victoria,5.7,4.6
543,n/a,n/a,n/a,Bert Edwards Science & Tech,Kamloops,5.7,n/a
543,n/a,n/a,n/a,Bonaccord,Surrey,5.7,n/a
543,n/a,n/a,n/a,Errington,Errington,5.7,n/a
543,n/a,n/a,n/a,Francois Lake,Burns Lake,5.7,n/a
543,n/a,n/a,n/a,Hans Helgesen,Victoria,5.7,n/a
543,n/a,n/a,n/a,Rosser,Burnaby,5.7,n/a
543,n/a,n/a,n/a,Stito:s La:lem Toti:lt,Chilliwack,5.7,n/a
566,338,—,no_change,McLeod Road Traditional,Surrey,5.6,6.2
566,408,—,no_change,Larson,North Vancouver,5.6,5.8
566,452,—,no_change,Lord Tweedsmuir,New Westminster,5.6,5.6
566,464,—,no_change,Queens Park,Penticton,5.6,5.6
566,490,—,no_change,South Kelowna,Kelowna,5.6,5.5
566,499,—,no_change,A J McLellan,Surrey,5.6,5.4
566,512,—,no_change,Ecole Mount Prevost,North Cowichan,5.6,5.3
566,532,—,no_change,John Howitt,Port Alberni,5.6,5.3
566,536,p,up,Marion Schilling,Kamloops,5.6,5.2
566,547,—,no_change,Woodland Park,Surrey,5.6,5.2
566,565,—,no_change,Bench,Cowichan Bay,5.6,5.1
566,615,—,no_change,Parkside Centennial,Aldergrove,5.6,4.8
566,628,—,no_change,Nesika,Williams Lake,5.6,4.7
566,638,—,no_change,Seaview,Port Moody,5.6,4.6
566,645,p,up,M.V. Beattie,Enderby,5.6,4.6
566,649,p,up,Tremblay,Dawson Creek,5.6,4.6
566,n/a,n/a,n/a,Harold Bishop,Surrey,5.6,n/a
566,n/a,n/a,n/a,Sacred Heart Catholic,Williams Lake,5.6,n/a
566,n/a,n/a,n/a,Sir Wilfred Grenfell,Vancouver,5.6,n/a
566,n/a,n/a,n/a,Westsyde,Kamloops,5.6,n/a
586,194,—,no_change,Surrey Muslim,Surrey,5.5,7.1
586,322,q,down,Columbia Park,Revelstoke,5.5,6.3
586,362,,n/a,Giant's Head,Summerland,5.5,6.1
586,374,—,no_change,Hastings,Vancouver,5.5,6.0
586,388,—,no_change,Miracle Beach,Black Creek,5.5,6.0
586,414,—,no_change,Casorso,Kelowna,5.5,5.8
586,425,—,no_change,Maple Bay,North Cowichan,5.5,5.8
586,435,—,no_change,Parkland,Coquitlam,5.5,5.7
586,437,—,no_change,Maquinna,Port Alberni,5.5,5.7
586,512,—,no_change,Westview,North Vancouver,5.5,5.3
586,518,—,no_change,Kinnikinnick,Sechelt,5.5,5.3
586,524,—,no_change,Ellison,Vernon,5.5,5.3
586,524,—,no_change,Lord Roberts,Vancouver,5.5,5.3
586,532,—,no_change,Taylor,Taylor,5.5,5.3
586,559,—,no_change,Canalta,Dawson Creek,5.5,5.1
586,561,—,no_change,Sidney,Sidney,5.5,5.1
586,569,—,no_change,Peachland,Peachland,5.5,5.1
586,596,—,no_change,Chilcotin Road,Williams Lake,5.5,4.9
586,601,p,up,Arden,Courtenay,5.5,4.9
586,629,,n/a,Annieville,Delta,5.5,4.7
586,635,—,no_change,Robertson,Chilliwack,5.5,4.7
586,n/a,n/a,n/a,Bothwell,Surrey,5.5,n/a
586,n/a,n/a,n/a,Champlain Heights,Vancouver,5.5,n/a
586,n/a,n/a,n/a,Hawthorne,Delta,5.5,n/a
586,n/a,n/a,n/a,John A. Hutton,Grand Forks,5.5,n/a
586,n/a,n/a,n/a,Lakewood,Victoria,5.5,n/a
586,n/a,n/a,n/a,Sunrise Ridge,Surrey,5.5,n/a
613,292,—,no_change,Harbour View,Coquitlam,5.4,6.5
613,326,—,no_change,Spring Creek,Whistler,5.4,6.3
613,374,—,no_change,Castle Park,Port Coquitlam,5.4,6.0
613,405,q,down,J Alfred Laird,Invermere,5.4,5.9
613,405,—,no_change,Noel Booth,Langley,5.4,5.9
613,414,—,no_change,Bulkley Valley Christian,Smithers,5.4,5.8
613,414,—,no_change,Lord Kelvin,New Westminster,5.4,5.8
613,452,—,no_change,Bankhead,Kelowna,5.4,5.6
613,452,q,down,Mathxwi,Abbotsford,5.4,5.6
613,465,—,no_change,Sullivan,Surrey,5.4,5.6
613,508,—,no_change,Nootka,Vancouver,5.4,5.4
613,511,—,no_change,T M Roberts,Cranbrook,5.4,5.4
613,536,—,no_change,Pleasant Valley,Nanaimo,5.4,5.2
613,546,—,no_change,James Park,Port Coquitlam,5.4,5.2
613,573,—,no_change,Ecole Rochester,Coquitlam,5.4,5.1
613,573,—,no_change,Leary Integrated Arts & Tech,Chilliwack,5.4,5.1
613,579,—,no_change,Belgo,Kelowna,5.4,5.0
613,579,—,no_change,Mitchell,Richmond,5.4,5.0
613,586,—,no_change,Richardson,Delta,5.4,5.0
613,618,—,no_change,Happy Valley,Victoria,5.4,4.7
613,660,—,no_change,Mission Hill,Vernon,5.4,4.5
613,720,—,no_change,Frank J Mitchell,Sparwood,5.4,3.6
613,n/a,n/a,n/a,Baker Drive,Coquitlam,5.4,n/a
613,n/a,n/a,n/a,Brookside,Surrey,5.4,n/a
613,n/a,n/a,n/a,Crystal View,Victoria,5.4,n/a
613,n/a,n/a,n/a,Douglas Road,Burnaby,5.4,n/a
613,n/a,n/a,n/a,Greenwood,Greenwood,5.4,n/a
613,n/a,n/a,n/a,John Paul II Catholic,Port Alberni,5.4,n/a
613,n/a,n/a,n/a,Kingswood,Richmond,5.4,n/a
613,n/a,n/a,n/a,Lynnmour,North Vancouver,5.4,n/a
613,n/a,n/a,n/a,Montecito,Burnaby,5.4,n/a
613,n/a,n/a,n/a,Okanagan Christian,Kelowna,5.4,n/a
613,n/a,n/a,n/a,St Ann's,Quesnel,5.4,n/a
613,n/a,n/a,n/a,Surrey Traditional,Surrey,5.4,n/a
647,304,—,no_change,General Currie,Richmond,5.3,6.4
647,429,—,no_change,Columbia,Penticton,5.3,5.7
647,447,—,no_change,Harry Sayers,Abbotsford,5.3,5.6
647,473,—,no_change,Uplands,Langley,5.3,5.5
647,485,—,no_change,Oaklands,Victoria,5.3,5.5
647,497,—,no_change,Heather Park,Prince George,5.3,5.4
647,508,—,no_change,Aberdeen,Abbotsford,5.3,5.4
647,516,—,no_change,Okanagan Landing,Vernon,5.3,5.3
647,536,—,no_change,Blue Jay,Abbotsford,5.3,5.2
647,558,—,no_change,Mile 108,108 Mile Ranch,5.3,5.1
647,565,—,no_change,Seaview,Lantzville,5.3,5.1
647,583,—,no_change,Ellison,Kelowna,5.3,5.0
647,612,—,no_change,Baldonnel,Baldonnel,5.3,4.8
647,687,—,no_change,Maple Green,Surrey,5.3,4.2
647,n/a,n/a,n/a,Colebrook,Surrey,5.3,n/a
647,n/a,n/a,n/a,J V Humphries,Kaslo,5.3,n/a
647,n/a,n/a,n/a,John MacLure,Abbotsford,5.3,n/a
647,n/a,n/a,n/a,Parkcrest,Kamloops,5.3,n/a
647,n/a,n/a,n/a,Ralph Bell,Kamloops,5.3,n/a
666,379,—,no_change,Frank J. Ney,Nanaimo,5.2,6.0
666,422,—,no_change,Charlie Lake,Charlie Lake,5.2,5.8
666,429,—,no_change,Don Titus Montessori,Chetwynd,5.2,5.7
666,460,—,no_change,Goldstone Park,Surrey,5.2,5.6
666,460,—,no_change,Hart Highlands,Prince George,5.2,5.6
666,491,—,no_change,Hudson Road,West Kelowna,5.2,5.5
666,504,—,no_change,Harwood,Vernon,5.2,5.4
666,552,—,no_change,James Bay,Victoria,5.2,5.2
666,554,—,no_change,Ocean Grove,Campbell River,5.2,5.2
666,578,—,no_change,Tsuma-as,Port Alberni,5.2,5.1
666,606,—,no_change,Chemainus,Chemainus,5.2,4.8
666,610,—,no_change,Ecole Frank Ross,Dawson Creek,5.2,4.8
666,623,,n/a,Ecole Macaulay,Victoria,5.2,4.7
666,649,p,up,Cataline,Williams Lake,5.2,4.6
666,676,—,no_change,Ucluelet,Ucluelet,5.2,4.3
666,711,—,no_change,Erickson,Erickson,5.2,3.8
666,n/a,n/a,n/a,A H P Matthew,Surrey,5.2,n/a
666,n/a,n/a,n/a,David Cameron,Victoria,5.2,n/a
666,n/a,n/a,n/a,Quadra,Quathiaski Cove,5.2,n/a
666,n/a,n/a,n/a,Rogers,Victoria,5.2,n/a
666,n/a,n/a,n/a,South Canoe,Salmon Arm,5.2,n/a
666,n/a,n/a,n/a,South Park Family,Victoria,5.2,n/a
666,n/a,n/a,n/a,Southlands,Vancouver,5.2,n/a
666,n/a,n/a,n/a,Wix-Brown,Langley,5.2,n/a
690,357,—,no_change,Hillcrest,Victoria,5.1,6.1
690,396,—,no_change,Silver Star,Vernon,5.1,5.9
690,491,—,no_change,Cheam,Chilliwack,5.1,5.5
690,504,—,no_change,Helen Gorman,West Kelowna,5.1,5.4
690,536,—,no_change,Penfield,Campbell River,5.1,5.2
690,536,—,no_change,Strawberry Vale,Victoria,5.1,5.2
690,547,—,no_change,Little Mountain,Chilliwack,5.1,5.2
690,588,—,no_change,Carlin Middle,Tappen,5.1,5.0
690,590,—,no_change,Victoria West,Victoria,5.1,5.0
690,604,—,no_change,Signal Hill,Pemberton,5.1,4.8
690,606,—,no_change,Glenmerry,Trail,5.1,4.8
690,615,—,no_change,Ecole Kilmer,Port Coquitlam,5.1,4.8
690,636,—,no_change,Ripple Rock,Campbell River,5.1,4.7
690,652,—,no_change,Fort Langley,Fort Langley,5.1,4.5
690,654,—,no_change,Ecole Squamish,Squamish,5.1,4.5
690,654,—,no_change,Mamquam,Squamish,5.1,4.5
690,672,—,no_change,Pitt Meadows,Pitt Meadows,5.1,4.3
690,n/a,n/a,n/a,Amy Woodland,Cranbrook,5.1,n/a
690,n/a,n/a,n/a,Colwood,Victoria,5.1,n/a
690,n/a,n/a,n/a,Creekside,Surrey,5.1,n/a
690,n/a,n/a,n/a,Eagle View,Victoria,5.1,n/a
690,n/a,n/a,n/a,Edgewater,Edgewater,5.1,n/a
690,n/a,n/a,n/a,Kay Bingham,Kamloops,5.1,n/a
713,321,—,no_change,Pouce Coupe,Pouce Coupe,5.0,6.3
713,365,—,no_change,Blundell,Richmond,5.0,6.1
713,394,—,no_change,Ecole Irvine,Port Coquitlam,5.0,5.9
713,438,—,no_change,Brackendale,Squamish,5.0,5.7
713,444,—,no_change,Alberni,Port Alberni,5.0,5.7
713,460,—,no_change,Armstrong,Armstrong,5.0,5.6
713,478,—,no_change,Gray,Delta,5.0,5.5
713,478,—,no_change,Royston,Royston,5.0,5.5
713,495,,n/a,Bastion,Salmon Arm,5.0,5.4
713,524,—,no_change,Ladner,Delta,5.0,5.3
713,551,—,no_change,Isabella Dicken,Fernie,5.0,5.2
713,555,—,no_change,Centennial Park,Abbotsford,5.0,5.2
713,561,—,no_change,Georgia Park,Campbell River,5.0,5.1
713,595,—,no_change,Northridge,Victoria,5.0,4.9
713,609,—,no_change,Rose Valley,West Kelowna,5.0,4.8
713,639,—,no_change,Decker Lake,Burns Lake,5.0,4.6
713,660,—,no_change,Golden Ears,Maple Ridge,5.0,4.5
713,685,—,no_change,Courtenay,Courtenay,5.0,4.2
713,731,—,no_change,Edgehill,Powell River,5.0,3.5
713,n/a,n/a,n/a,Alderson,Coquitlam,5.0,n/a
713,n/a,n/a,n/a,Canyon/Lister,Canyon,5.0,n/a
713,n/a,n/a,n/a,David Brankin,Surrey,5.0,n/a
713,n/a,n/a,n/a,Davie Jones,Pitt Meadows,5.0,n/a
713,n/a,n/a,n/a,Dr H N MacCorkindale,Vancouver,5.0,n/a
737,370,—,no_change,Sacred Heart,Prince George,4.9,6.1
737,422,—,no_change,Ecole Nestor,Coquitlam,4.9,5.8
737,425,—,no_change,South Park,Delta,4.9,5.8
737,458,—,no_change,Malaspina,Prince George,4.9,5.6
737,465,—,no_change,Departure Bay,Nanaimo,4.9,5.6
737,483,—,no_change,Queen of Angels,Duncan,4.9,5.5
737,487,—,no_change,Pinecrest,Campbell River,4.9,5.5
737,499,—,no_change,Chalmers,Delta,4.9,5.4
737,499,—,no_change,Peden Hill,Prince George,4.9,5.4
737,542,—,no_change,Aspen Park,Comox,4.9,5.2
737,561,—,no_change,Hazelgrove,Surrey,4.9,5.1
737,573,—,no_change,Peter Greer,Winfield,4.9,5.1
737,590,—,no_change,Drinkwater,North Cowichan,4.9,5.0
737,611,—,no_change,Armstrong,Burnaby,4.9,4.8
737,653,—,no_change,Glenrosa,West Kelowna,4.9,4.5
737,691,—,no_change,Wishart,Victoria,4.9,4.1
737,698,—,no_change,Cinnabar Valley,Nanaimo,4.9,3.9
737,n/a,n/a,n/a,Captain James Cook,Vancouver,4.9,n/a
737,n/a,n/a,n/a,Eric J Dunn,Port Alberni,4.9,n/a
737,n/a,n/a,n/a,Henderson,Powell River,4.9,n/a
737,n/a,n/a,n/a,Hyland,Surrey,4.9,n/a
737,n/a,n/a,n/a,Kelly Creek,Powell River,4.9,n/a
737,n/a,n/a,n/a,North Canoe,Canoe,4.9,n/a
760,441,—,no_change,Davidson Road,Lake Country,4.8,5.7
760,472,q,down,Glen,Coquitlam,4.8,5.6
760,536,—,no_change,Miller Park,Coquitlam,4.8,5.2
760,577,q,down,Glenwood,Langley,4.8,5.1
760,596,—,no_change,Victor-Brodeur,Victoria,4.8,4.9
760,618,—,no_change,Second Street,Burnaby,4.8,4.7
760,629,—,no_change,Alex Aitken,North Cowichan,4.8,4.7
760,639,—,no_change,Harwin,Prince George,4.8,4.6
760,645,—,no_change,Tillicum,Victoria,4.8,4.6
760,665,—,no_change,McCammon,Chilliwack,4.8,4.4
760,690,p,up,Forest Park,Nanaimo,4.8,4.1
760,695,—,no_change,North Oyster,Ladysmith,4.8,4.0
760,718,—,no_change,Haldane,Chase,4.8,3.7
760,n/a,n/a,n/a,Bridgeview,Surrey,4.8,n/a
760,n/a,n/a,n/a,Dr F D Sinclair,Surrey,4.8,n/a
760,n/a,n/a,n/a,Dragon Lake,Quesnel,4.8,n/a
760,n/a,n/a,n/a,Gabriola,Gabriola Island,4.8,n/a
760,n/a,n/a,n/a,Martha Jane Norris,Surrey,4.8,n/a
760,n/a,n/a,n/a,Mount Pleasant,Vancouver,4.8,n/a
760,n/a,n/a,n/a,Mountain View,Nanaimo,4.8,n/a
760,n/a,n/a,n/a,Pebble Hill Traditional,Delta,4.8,n/a
760,n/a,n/a,n/a,Surrey Centre,Surrey,4.8,n/a
760,n/a,n/a,n/a,T E Scott,Surrey,4.8,n/a
760,n/a,n/a,n/a,Wildflower,Nelson,4.8,n/a
784,487,—,no_change,Cameron,Burnaby,4.7,5.5
784,489,—,no_change,Cumberland,Cumberland,4.7,5.5
784,491,—,no_change,Glenview,Prince George,4.7,5.5
784,532,—,no_change,Cayoosh,Lillooet,4.7,5.3
784,569,—,no_change,Rosemont,Nelson,4.7,5.1
784,584,—,no_change,Strathcona,Chilliwack,4.7,5.0
784,613,—,no_change,Tumbler Ridge,Tumbler Ridge,4.7,4.8
784,618,—,no_change,Cougar Creek,Surrey,4.7,4.7
784,637,—,no_change,Chimney Hill,Surrey,4.7,4.6
784,654,—,no_change,Uplands,Terrace,4.7,4.5
784,669,—,no_change,Woodward Hill,Surrey,4.7,4.4
784,678,—,no_change,Twin Rivers,Castlegar,4.7,4.3
784,680,—,no_change,George Greenaway,Surrey,4.7,4.3
784,685,—,no_change,Springvalley,Kelowna,4.7,4.2
784,n/a,n/a,n/a,Cilaire,Nanaimo,4.7,n/a
784,n/a,n/a,n/a,Crosstown,Vancouver,4.7,n/a
784,n/a,n/a,n/a,Ecole Mountainview,Terrace,4.7,n/a
784,n/a,n/a,n/a,Stoney Creek,Burnaby,4.7,n/a
802,521,—,no_change,Lake Hill,Victoria,4.6,5.3
802,547,q,down,Edwin S Richards,Mission,4.6,5.2
802,553,—,no_change,Arthur Stevenson,Kamloops,4.6,5.2
802,585,—,no_change,View Royal,Victoria,4.6,5.0
802,586,—,no_change,Duncan Cran,Fort St John,4.6,5.0
802,602,—,no_change,Cape Horn,Coquitlam,4.6,4.9
802,651,—,no_change,Westerman,Surrey,4.6,4.6
802,673,—,no_change,Ecole Quadra,Victoria,4.6,4.3
802,673,—,no_change,Evelyn Dickson,Vanderhoof,4.6,4.3
802,702,p,up,Rock City,Nanaimo,4.6,3.9
802,713,—,no_change,Strawberry Hill,Surrey,4.6,3.7
802,721,—,no_change,Fraser Lake,Fraser Lake,4.6,3.6
802,n/a,n/a,n/a,A E Perry,Kamloops,4.6,n/a
802,n/a,n/a,n/a,Ecole Westwood,Port Coquitlam,4.6,n/a
802,n/a,n/a,n/a,Holly,Delta,4.6,n/a
802,n/a,n/a,n/a,Kanaka Creek,Maple Ridge,4.6,n/a
802,n/a,n/a,n/a,Panorama Park,Surrey,4.6,n/a
819,399,q,down,Lord Selkirk,Vancouver,4.5,5.9
819,452,—,no_change,Heritage,Prince George,4.5,5.6
819,473,—,no_change,Pacific Heights,Surrey,4.5,5.5
819,495,—,no_change,Raft River,Clearwater,4.5,5.4
819,559,—,no_change,Sir Sandford Fleming,Vancouver,4.5,5.1
819,626,—,no_change,Springwood,Prince George,4.5,4.7
819,658,—,no_change,Birchland,Port Coquitlam,4.5,4.5
819,706,—,no_change,Terry Fox,Abbotsford,4.5,3.9
819,742,—,no_change,Lena Shaw,Surrey,4.5,2.9
819,n/a,n/a,n/a,Devereaux,Dawson Creek,4.5,n/a
819,n/a,n/a,n/a,Royal Heights,Surrey,4.5,n/a
819,n/a,n/a,n/a,Uplands Park,Nanaimo,4.5,n/a
831,350,—,no_change,David Oppenheimer,Vancouver,4.4,6.2
831,473,—,no_change,Dave Kandal,Abbotsford,4.4,5.5
831,594,—,no_change,Sandowne,Campbell River,4.4,5.0
831,599,—,no_change,Dr D A Perley,Grand Forks,4.4,4.9
831,613,—,no_change,Blackburn,Prince George,4.4,4.8
831,625,—,no_change,A S Matheson,Kelowna,4.4,4.7
831,641,—,no_change,Vanway,Prince George,4.4,4.6
831,666,—,no_change,Kelset,North Saanich,4.4,4.4
831,675,—,no_change,Highlands,Cranbrook,4.4,4.3
831,722,—,no_change,Beaver Creek,Surrey,4.4,3.6
831,724,—,no_change,Lake Cowichan,Lake Cowichan,4.4,3.6
831,726,p,up,Crofton,Crofton,4.4,3.6
831,728,—,no_change,Van Bien,Prince George,4.4,3.6
831,737,p,up,Merritt Central,Merritt,4.4,3.2
831,n/a,n/a,n/a,Nechako,Kitimat,4.4,n/a
831,n/a,n/a,n/a,Old Yale Road,Surrey,4.4,n/a
831,n/a,n/a,n/a,Regent Road,Surrey,4.4,n/a
831,n/a,n/a,n/a,Steeples,Cranbrook,4.4,n/a
831,n/a,n/a,n/a,Telkwa,Telkwa,4.4,n/a
850,561,—,no_change,Brent Kennedy,Crescent Valley,4.3,5.1
850,569,—,no_change,Meadowbrook,Coquitlam,4.3,5.1
850,573,—,no_change,Vermilion Forks,Princeton,4.3,5.1
850,606,—,no_change,Oyama Traditional,Oyama,4.3,4.8
850,643,—,no_change,Buckhorn,Prince George,4.3,4.6
850,645,—,no_change,J W Inglis,Lumby,4.3,4.6
850,662,—,no_change,Salmon Arm West,Salmon Arm,4.3,4.5
850,663,—,no_change,Robert Ogilvie,Fort St John,4.3,4.5
850,676,—,no_change,Adams Road,Surrey,4.3,4.3
850,693,p,up,Ecole Riverdale,Surrey,4.3,4.0
850,699,—,no_change,Laity View,Maple Ridge,4.3,3.9
850,704,—,no_change,K B Woodward,Surrey,4.3,3.9
850,705,—,no_change,Gordon Terrace,Cranbrook,4.3,3.9
850,733,—,no_change,Mission Central,Mission,4.3,3.3
850,n/a,n/a,n/a,Arthur Hatton,Kamloops,4.3,n/a
850,n/a,n/a,n/a,Eric Langton,Maple Ridge,4.3,n/a
850,n/a,n/a,n/a,Grindrod,Grindrod,4.3,n/a
850,n/a,n/a,n/a,Mary Jane Shannon,Surrey,4.3,n/a
850,n/a,n/a,n/a,Savory,Victoria,4.3,n/a
850,n/a,n/a,n/a,Senator Reid,Surrey,4.3,n/a
850,n/a,n/a,n/a,Thunderbird,Vancouver,4.3,n/a
871,515,q,down,Alwin Holland,Fort St John,4.2,5.3
871,588,q,down,Raymer,Kelowna,4.2,5.0
871,682,—,no_change,Ten Broeck,Abbotsford,4.2,4.2
871,688,—,no_change,George Jay,Victoria,4.2,4.1
871,689,—,no_change,Syuwen'ct,Nanaimo,4.2,4.1
871,716,—,no_change,Douglas Park,Langley,4.2,3.7
871,n/a,n/a,n/a,Don Christian,Surrey,4.2,n/a
871,n/a,n/a,n/a,George Bonner,Mill Bay,4.2,n/a
871,n/a,n/a,n/a,McCloskey,Delta,4.2,n/a
871,n/a,n/a,n/a,Sir Alexander Mackenzie,Vancouver,4.2,n/a
871,n/a,n/a,n/a,c'usqunela,Maple Ridge,4.2,n/a
882,343,—,no_change,Berkshire Park,Surrey,4.1,6.2
882,599,q,down,Lax Kxeen,Prince Rupert,4.1,4.9
882,618,—,no_change,Cawston Primary,Cawston,4.1,4.7
882,629,—,no_change,Highland Park,Armstrong,4.1,4.7
882,664,—,no_change,Godson,Abbotsford,4.1,4.4
882,667,q,down,Carmi,Penticton,4.1,4.4
882,671,—,no_change,McKenzie,Victoria,4.1,4.4
882,695,—,no_change,Chief Tomat,West Kelowna,4.1,4.0
882,710,—,no_change,Alexis Park,Vernon,4.1,3.8
882,715,—,no_change,Spruceland Traditional,Prince George,4.1,3.7
882,726,—,no_change,Thornhill,Terrace,4.1,3.6
882,n/a,n/a,n/a,Betty Huff,Surrey,4.1,n/a
882,n/a,n/a,n/a,Cindrich,Surrey,4.1,n/a
882,n/a,n/a,n/a,J T Brown,Surrey,4.1,n/a
882,n/a,n/a,n/a,Ranchero Junior,Salmon Arm,4.1,n/a
882,n/a,n/a,n/a,Sk'elep of Excellence,Kamloops,4.1,n/a
882,n/a,n/a,n/a,Webster's Corners,Maple Ridge,4.1,n/a
899,590,q,down,Pinewood,Prince George,4.0,5.0
899,627,q,down,Barriere,Barriere,4.0,4.7
899,658,—,no_change,Kootenay Orchards,Cranbrook,4.0,4.5
899,708,—,no_change,Nicomekl,Langley,4.0,3.8
899,n/a,n/a,n/a,Cache Creek,Cache Creek,4.0,n/a
899,n/a,n/a,n/a,David Hoy,Fort St. James,4.0,n/a
899,n/a,n/a,n/a,M B Sanford,Surrey,4.0,n/a
906,622,q,down,Central,Port Coquitlam,3.9,4.7
906,669,—,no_change,Green Timbers,Surrey,3.9,4.4
906,681,—,no_change,James Thomson,Powell River,3.9,4.2
906,707,—,no_change,Prespatou,Prespatou,3.9,3.9
906,734,—,no_change,Bear Creek,Surrey,3.9,3.3
906,n/a,n/a,n/a,Cedar Hills,Surrey,3.9,n/a
906,n/a,n/a,n/a,Graham Bruce,Vancouver,3.9,n/a
906,n/a,n/a,n/a,Maywood,Burnaby,3.9,n/a
914,615,—,no_change,Rutland,Kelowna,3.8,4.8
914,633,—,no_change,Martha Currie,Surrey,3.8,4.7
914,657,,n/a,Westwood,Prince George,3.8,4.5
914,668,q,down,Albion,Maple Ridge,3.8,4.4
914,692,—,no_change,Christine Morrison,Mission,3.8,4.0
914,708,—,no_change,Discovery,Shawnigan Lake,3.8,3.8
914,732,—,no_change,Chilliwack Central,Chilliwack,3.8,3.3
914,743,—,no_change,Hammond,Maple Ridge,3.8,2.7
914,n/a,n/a,n/a,Ruth King,Victoria,3.8,n/a
914,n/a,n/a,n/a,Tansor,North Cowichan,3.8,n/a
914,n/a,n/a,n/a,William Konkin,Burns Lake,3.8,n/a
914,n/a,n/a,n/a,Windebank,Mission,3.8,n/a
926,603,—,no_change,Wood,Port Alberni,3.7,4.8
926,648,—,no_change,Alexander,Abbotsford,3.7,4.6
926,679,—,no_change,Bernard,Chilliwack,3.7,4.3
926,683,q,down,Cloverdale Traditional,Surrey,3.7,4.2
926,699,—,no_change,Pearson Road,Kelowna,3.7,3.9
926,738,p,up,Quinson,Prince George,3.7,3.2
926,n/a,n/a,n/a,Prince Charles,Surrey,3.7,n/a
933,739,—,no_change,Cedar,Campbell River,3.6,3.1
933,n/a,n/a,n/a,Cassie Hall,Terrace,3.6,n/a
933,n/a,n/a,n/a,Cherry Hill,Mission,3.6,n/a
933,n/a,n/a,n/a,Edith McDermott,Pitt Meadows,3.6,n/a
933,n/a,n/a,n/a,Forsyth Road,Surrey,3.6,n/a
933,n/a,n/a,n/a,Janice Churchill,Surrey,3.6,n/a
933,n/a,n/a,n/a,Millstream,Victoria,3.6,n/a
933,n/a,n/a,n/a,Salmo,Salmo,3.6,n/a
933,n/a,n/a,n/a,South Rutland,Kelowna,3.6,n/a
942,556,—,no_change,Blacklock Fine Arts,Langley,3.5,5.1
942,693,—,no_change,100 Mile House,100 Mile House,3.5,4.0
942,702,—,no_change,Coquihalla,Hope,3.5,3.9
942,712,—,no_change,Morfee,Mackenzie,3.5,3.7
942,713,—,no_change,Adam Robertson,Creston,3.5,3.7
942,719,—,no_change,Wickaninnish,Tofino,3.5,3.7
942,n/a,n/a,n/a,Kent,Agassiz,3.5,n/a
942,n/a,n/a,n/a,Pinewood,Cranbrook,3.5,n/a
942,n/a,n/a,n/a,Willway,Victoria,3.5,n/a
951,730,—,no_change,Desert Sands,Ashcroft,3.4,3.5
951,n/a,n/a,n/a,Yaqan Nukiy,Creston,3.4,n/a
953,697,—,no_change,Rocky Mountain,Elkford,3.3,4.0
953,701,—,no_change,Simonds,Langley,3.3,3.9
953,729,—,no_change,Park Avenue,Nanaimo,3.3,3.5
953,n/a,n/a,n/a,Holly,Surrey,3.3,n/a
953,n/a,n/a,n/a,Latimer Road,Surrey,3.3,n/a
953,n/a,n/a,n/a,Maple Ridge,Maple Ridge,3.3,n/a
959,535,—,no_change,Upper Pine,Fort St John,3.2,5.3
959,n/a,n/a,n/a,Alouette,Maple Ridge,3.2,n/a
959,n/a,n/a,n/a,Ecole Poirier,Sooke,3.2,n/a
959,n/a,n/a,n/a,John Henderson,Vancouver,3.2,n/a
959,n/a,n/a,n/a,New Hazelton,New Hazelton,3.2,n/a
959,n/a,n/a,n/a,Walter Moberly,Vancouver,3.2,n/a
965,684,q,down,Twain Sullivan,Houston,3.1,4.2
965,n/a,n/a,n/a,Harry Hooge,Maple Ridge,3.1,n/a
965,n/a,n/a,n/a,Highland Park,Pitt Meadows,3.1,n/a
965,n/a,n/a,n/a,Mountain View,Coquitlam,3.1,n/a
965,n/a,n/a,n/a,Qwam Qwum Stuwixwulh,Nanaimo,3.1,n/a
970,644,q,down,Parkview,Sicamous,3.0,4.6
970,740,—,no_change,Diamond Vale,Merritt,3.0,3.1
970,744,—,no_change,Suwilaawks,Terrace,3.0,2.7
970,n/a,n/a,n/a,Kirkbride,Surrey,3.0,n/a
974,629,—,no_change,Mountview,Williams Lake,2.9,4.7
974,717,—,no_change,Roosevelt Park,Prince Rupert,2.9,3.7
974,722,—,no_change,Gibson,Delta,2.9,3.6
974,746,—,no_change,Cedar,Nanaimo,2.9,2.5
974,n/a,n/a,n/a,Newton,Surrey,2.9,n/a
974,n/a,n/a,n/a,Simon Cunningham,Surrey,2.9,n/a
974,n/a,n/a,n/a,W E Kinvig,Surrey,2.9,n/a
981,n/a,n/a,n/a,Fairview,Nanaimo,2.8,n/a
982,n/a,n/a,n/a,Brechin,Nanaimo,2.7,n/a
982,n/a,n/a,n/a,Morley,Burnaby,2.7,n/a
982,n/a,n/a,n/a,Nak'albun,Fort St James,2.7,n/a
985,724,—,no_change,Hatzic,Mission,2.6,3.6
985,741,q,down,Albert McMahon,Mission,2.6,3.1
985,n/a,n/a,n/a,Saseenos,Sooke,2.6,n/a
988,n/a,n/a,n/a,Alexander,North Cowichan,2.5,n/a
988,n/a,n/a,n/a,Kennedy Trail,Surrey,2.5,n/a
990,747,—,no_change,Georgia Avenue,Nanaimo,2.4,2.3
991,736,q,down,Hjorth Road,Surrey,2.3,3.2
991,748,—,no_change,Ladysmith Intermediate,Ladysmith,2.3,2.3
991,n/a,n/a,n/a,Sooke,Sooke,2.3,n/a
994,749,—,no_change,Marie Sharpe,Williams Lake,2.1,2.2
994,n/a,n/a,n/a,Bayview,Nanaimo,2.1,n/a
994,n/a,n/a,n/a,Sk'aadgaa Naay,Queen Charlotte,2.1,n/a
997,751,—,no_change,Ron Brent,Prince George,2.0,1.0
997,n/a,n/a,n/a,Haahuupayak,Port Alberni,2.0,n/a
997,n/a,n/a,n/a,West Heights,Mission,2.0,n/a
1000,735,—,no_change,North Ridge,Surrey,1.9,3.3
1000,n/a,n/a,n/a,Bella Bella,Bella Bella,1.9,n/a
1000,n/a,n/a,n/a,Dewdney,Dewdney,1.9,n/a
1000,n/a,n/a,n/a,Lakeview,Quesnel,1.9,n/a
1004,n/a,n/a,n/a,Gabrielle-Roy,Surrey,1.8,n/a
1004,n/a,n/a,n/a,Stein Valley Nlakapamux,Lytton,1.8,n/a
1006,n/a,n/a,n/a,James Ardiel,Surrey,1.7,n/a
1007,n/a,n/a,n/a,Voyageur,Quesnel,1.5,n/a
1008,750,—,no_change,Ecole Red Bluff Lhtako,Quesnel,1.4,1.8
1008,n/a,n/a,n/a,Brooke,Delta,1.4,n/a
1008,n/a,n/a,n/a,Georges Vanier,Surrey,1.4,n/a
1011,n/a,n/a,n/a,Nusdeh Yoh,Prince George,1.3,n/a
1012,n/a,n/a,n/a,Cliff Drive,Delta,1.1,n/a
1013,n/a,n/a,n/a,Khowhemun,Duncan,0.9,n/a
1014,745,q,down,Conrad,Prince Rupert,0.5,2.6
1015,n/a,n/a,n/a,Riverview,Quesnel,0.0,n/a
